author,message message
Ndumie Ndlovu,why Tsotsi coming when there's Molefe Tsotsi must right an Affidavit what's wrong with ANC receiving money from business ppl... who funds DA? "it wrong these retailers to do business in our township but contributes nothing in youth development but they take that money n fund white kids.. Spar @mumbi Banda you mean to tell in Western Cape it doesn't happened? @Lerato moleke one day when I'm in Joburgh "we should judge our own when they've done wrong.. for what you did all over the world "@jabu Malinga u ryt they should but the white men taught us to be selfish not to care about another black men.. thru Propagganda they must give back to our community but one day those clever blacks will wakeup and see the pain of being a black man in the white as honourable Minister Louise Farrakhan says @jaco Botha they can't bcs intelligence Zuma spoke about makes it impossible for any leader to move. who is really running this country? why to kill black miners forR12500 n no one goes to jail why? @louis C I don't understand where you get the impression that I'm waiting for handout? "@jabu Malinga they kill anyone who wants to succeed without the WMC involvement we are trying the impossible to be friends with the white men.. no one in the whole world ever since his excistance succeeded in doing that and we think just bcs he has allowed u. to corruption must stop and we must prioritise education.. agriculture and science.. we must feed ourselves not to wait for a white men to feed us.. "BLF Zuma's crime he allowed black people in the economy and the WMC is not happy.. they don't want to share.. no one in the has lived peacefully with them @bonke 247 I don't understand your anger.. were you angry when whites stole everything from us? what was your contribution to show your anger? crime is a crime and must not target black business and the whites are smiling to the bank @NN no why? @NN not me brother never been there some of us love our ppl we take monthly salaries to make a contribution within our community 99% of non blacks don't understand the pain our people are in and they rather do drugs or alcohol to ignore the pain of being non productive.. bcs opportunities are closed for ordinary black ppl @bonke 247 most ppl say black ppl are lazy . where you got that from.. who's working in the mines? who's doing the physical work in construction companies.. now you call them lazy when they are bosses "@Julie petersen I'm not disputing what you say however @styx Ndlovo wena uyagula ngekhanda... you don't care about the black ppls pain if no whites companies are here please end this commission ironically the Western Cape judiciary looks more fair than any other hence the WMC gunning the Judge President Hlophe @Pastor JJ I didn't know u know ppl I knowğŸ¤” Judge Hlophe can't be captured like those bias police in Western Cape.. who don't treat ppl equal.. @Pastor JJ u may not take me serious but take what I say serious because it the Truth @Pastor JJ by him doing what? but Western Cape Judges follow the law they don't follow their heart and political alignment @Pastor JJ let agree to disagree @Pastor JJ because that what the WMC does discredit those they can't control classify them as corrupt.. I'm sure as a pastor you familiar with the story of Jesus. they said he was a thief etc @Pastor JJ he tried corrupting them? how much he offered them? don't lie in public I will take it you just saying with no proof @Pastor JJ but I'm still impressed with the Western Cape judiciary.. they look fair for now @Pastor JJ now I get it you grew up knowing white is right .. we are different generation.. Malema/Mngxitama generation.. we want economic freedom in our lifetime @antoinette Meyer your problem is? have I said anything wrong? @Pastor JJ woodwork for what? this education system is meant to keep us as modern slave.. Bill Gates didn't finish his degree ğŸ‡¿ğŸ‡¦
John Everitt,A Somewhat Harsh Observation : After Watching Yesterday's Proceedings; Its Unfair To Ask Elderly; Learned Mr. Soni To Perform For Hours On End .. He Became Heavily Fatigued and Made Several Mistakes ! A Question : With Oom Tito Stating Clearly That NO More Funds Will Be Released To This Important n Now Extended Commission ( But Throws BILLIONS At Dead-Dodo SAA ); Where / How Will Funds Be Secured ? Crowd-Funding : Tk U. That Is EXACTLY What I Was Considering. I Would Certainly Contribute ! To Me; This ( Petty ) Move Is An Absolute INSULT To Justice Zondo When Funds Are Directed To Wasteful SOE's REF : * No More Funding * For The Commission; I See That SAA Has Juss Asked For ANOTHER R 3.5 Billion; This Being Over n Above The Recent R 10 Billion ... And All The Other Multi-Billion Bail-Outs ! Is It Not Amazing How The EKSDOM Lahnees All Sitting Around A Table In The Same Meeting Each Have COMPLETELY Different Views As To What Was Discussed; Let Alone The Written Word : * He Said/She Said *
zip reeper,where are the wags with their bons mots this morning "heather mowing the lawn this morning you'll miss those snaking queues one day when everything has come to a halt auswell is the tall trains guy who gave ANC r80m? "louis louis "louis probe is sunk by the immensity of its task government rotten top to bottom "louis
Moonchild,Morning ğŸ™‚  Eskom-related evidence today GM @Teunis van Ree ğŸ™‚  "@Ngwetoh Wanka - wow I like Mr Seleka too but I do like all the EL's though ğŸ™‚  "Poor DCJ @Rene Ngwenya - true! @sidney nsibande - exactly! Who are they trying to kid? They think we are all stupid & fall for their lies. @Rubin Naidoo - you worshipped cadres?? Are they not normal people like us? If you put people on a pedastal you are bound to be disappointed. @Rubin Naidoo Times have changed dramatically & hope you have moved on from that thinking & see the ANC for what they are - corrupt patronage network of connected cadres who have stolen from the poor. "Wow @Valencia J ğŸ¤£ğŸ˜‚ğŸ˜…  Shows the level of intelligence! All the comrades on the payroll & working together to hollow out Eskom How could he send a list directly from Saleem Essa knowing that the intention was to put people on the committees to enable State Capture? Surely that is a criminal offense?? Poor Mr Seleka keeps getting interrupted by DCJ! Have a happy #VoetsekANC Friday @Previous Nkopodi ğŸ™‚  Well said @Jabu Malinga - well done @Pravin Ghordan communist @N N - list of board & committee members according to what Saleem Essa & the Guptas instructed. Pleasure @Gasela Zwezwe - no I think it is imperative that all this vast corruption is exposed to the country so that we know what we've been dealing with. We then have to put pressure on the NPAto prosecute. ğŸ‘ let's see what the NPA does now as they have hardly done anything since Shamila Batoyi has taken over @Gasela Zwezwe  DCJ is correct in his deductions although we all know Lynne Brown is a hugely corrupt individual but Tsotsi has no proof that she was in cohoots with the Guptas & Essa. "Hope they are calling Lynne Brown back as well as all the other corrupt board & committee members. Romeo Khumalo must come testify "@Heather Durr - yes I do remember her being there but probably just answered ""Chair @N N - no I like him too ğŸ™‚ but I feel it interrupts Mr Seleka a bit too much & doesn't give him a chance to lead his evidence. * he interrupts @N N - ha ha ğŸ™‚ for sure!
Kevin1,GM all "former Board Chairperson at Eskom @Heather Durr Hi H @Heather Durr just use H as i am lazy to type your looonnnggg name (lol) @Teunis van Ree Hi Teunis Pleased Adv Seleka is back - i like him Looks as if everyone being having fun here today - enjoy *been enjoy weekend - to all
khuthadzo moji,who is taking stand today? thanks Kevin so the commission is done with SAA? ohk thanks Anne M
Heather Durr,@Kevin W @zip reeper Hi there @Teunis van Ree Hi there @Kevin W How do you know that H is my nickname with colleagues @Kevin W That is one heck of co-incidence. Kept me up at night ğŸ™‚ Morning all bunnies-is the aircon off I see the hunky EL wiping his brow @Anne M. Hi there-Kate will be back-I watched Gorillas in the Mist and Kate looks just like Sigourney Weaver and has the personality of Weaver in the Sci Fi movie Alien Oi Koko clearly has a thing about the emails and Daniels. I trust the Comm prints out his tweets as he just cannot keep quiet OK the aircon is off @Stix Mtolo Judge Hlope yes he said he had problems with that early on-I think its Hlope "Mr T looks terrified DCJ must treat him the same as all the others EL. I find it distressing *other @FieliesSA Hey there The witnesses incl Brian Molefe have now realised that denying knowing Essa or Guptas gets them into trouble I try to explain to everyone how utterly insignificant that 'error' of the EL's was and only a Basiri lawyer would raise it Tsotsi looks like me having a panic attack Looooooooooooool Yes say her name  It will help DCJ if you stop interrupting  Oh for heavens sake Has Adv Seleka got a chair to wait on And now it is tea time. DCJ is most challenging Ooops Oh just go to tea please OUTA just posted emails from Koko Cover Note 'Our submission wasn't taken into account. But your tweets should be. Along with the mails and Eskom docs you forwarded to Gupta lieutenant Chawla @Naledi Barron Hey there. DCJ being challenging again today @Mangalani Mangalani Kokos Twitter account Subtle hint to DCJ  @Lerato Moleke That system is profoundly flawed having spent months to book a app for renewal of my drivers license  @Moonchild Was Brown ever there-She caused chaos @Naledi Barron He is being obstreperous  @Lerato Moleke Hopefully the lines are moving now. I stood in a queue for 5 hours notwithstanding an appointment but that was at Randburg @Lerato Moleke Unfortunately not for divers license renewal at Randburg. You need to go in personally as they may need to check your eyes if you don have a acceptable/cert from an optometrist  *drivers Excuse the spelling. I fell pretty ba ly Wednesday night and am now sore and in shock I think *badly "@Lerato Moleke Oh no Are they still on this point So who owned the helicopter that flew 'dignitaries' to Nkandla Not the one funded by Prasa? Oh dear thunderstorms it appears Is the picture breaking up for all Is this guy being less than truthful as being so verbose and so full of excuses does not engender trust @Lorna Kavanagh It is here-that storm Well that's telling him Adv Seleka-you go for it 31 years-lets hope he stays in that long "Hi all-that Ndumie guy comes with all of the usual RET narratives @Pastor J.J Hi there holy one Wow what a storm-cars being washed off the roads in Benoni-hail balls  My Federer has come to me for protection-he is petrified by the noise and rain-nice to know I do like to mother animals @Diane Louw He is sitting on my head so......... @Diane Louw OUTA has him in a corner and he is pleading 'Kokohunt'-he pretty much painted himself into a corner Mkize speaking on corruption allegations against Health Department not him Oh no did Koko just phone you Did you just pull him out from under the bus Ok you threw him under the train DCJ you just said Adv Seleka must proceed Ugh Ugh Poser on TV again DCJ go back to the bar if you want to x examine please "@Dan Brown Hi there 'The Peoples President' ugh That is why it takes so long-DCJ interrupts each train of thought leading to a particular point and we go back and round again If DCJ would stop interrupting I would by now have understood what happened that weekend and what the issues are-I am totally confused @Antoinette Meyer Its one of the 3 standard RET excuses-funded by White Monopoly Capital or Stellenbosch for short This is not correct subject for re-exam The inference is to be drawn by DCJ not subject to re-exam No no no nope He has given his version. THATS IT This is not a civil or criminal court No second bite at the cherry on a point that is highly relevant and now he is changing his version @Msizi Masikane @Pastor J.J Actually its sub judice You see now you are in the dwang thanx to the rexam Ugh man now you see Mr Cute Mbanjwa oh dearie LOLOLOL Oh dear LOOOOOOL @Antoinette Meyer  @Stix Mtolo Well I am an experienced attorney ğŸ˜‚ğŸ˜‚ğŸ˜‚ğŸ˜‚ğŸ¤£ğŸ¤£ğŸ¤£ğŸ¤£ğŸ¤£ğŸ¤£ Noooooooooooooooooooooooooooooooooooh Too funny LOLOLOLOLOL Fire your lawyer Mr T Nooooooooooooooooooooooooooooooooooh It matters a lot esp next week "@Antoinette Meyer 'Next week some of the alleged biggest players in state capture and corruption
Teunis van Ree,Tsotsi hi there @Heather Durr ğŸŒ¹ hello @Kevin W hi @Moonchild hi @Lerato Moleke ğŸŒ¹ I Didn't expect anything else from Judge Hlope another Seleka booboo hi @Valencia J ğŸŒ¹ hallo @Santa Kriel ğŸŒ¹ aiaiai... hello dear @Naledi Barron ğŸŒ¹ @Antoinette Meyer he must play devil's advocate to preempt any issues that may arise later hi there @Pastor J.J @Diane Louw ğŸŒ¹ğŸŒ¹ @melds melds ğŸŒ¹ğŸŒ¹ @melds melds weekend special ğŸ˜˜ here is Korea again "@Antoinette Meyer I have that problem with my wife after 52 years we can easily complete each other's sentences ğŸ¤£ğŸ¤£ğŸ¤£ pedantic semantics wir sind die Pedanten. There's an old German song "bye Lerato I believe Seleka's self confidence is slowly eroded by DCJ's interruptions
Shirley Tilley,Greetings Ndumie Ndlovu why well said paster and melds Pastor :goodvibes:
Ngwetoh Wanka,Watching from Los Angeles California 00:06am 26 February 2021.#ZONDO 
Lerato Moleke,Greetings All And now DCJ speaking in low tones - trying to be sexy on a Friday morning  Greetings @TeunisğŸ˜Š @Hirsitus - Seleka still going with the month of love theme "@Jabu Malinga Tsotsi already has a Tom look (wide eyed) like the cat from Tom & Jerry ğŸ˜‚ğŸ¤£ choir in the house Bongo's case has been dismissed  Yeah @Anne M - yazi Hlophe's behaviour is not so Hlophe (clean) "@Martha Does Romeo Kumalo still put curl activator gel on his hair? "@Previous IF it's @Goat who's now JACOB G ZUMA @Previous  DCJ don't say I know - say I'm sorry I interrupted you  @Walter - I just saw on Twitter that gigabyte is in CT "@Previous @Christy - hahaha I wouldn't mind him transferring his HR tracking for my discovery vitality points "@Ndumie - you fascinate me yazi Tx @Bartholomeus   ğŸ˜³Yhoo that's deep @Bartholomeus  "O stout wena @NN That's why his last name is Tsotsi DCJ  Greetings @Naledi and @Quinton  "So driving schools are protesting against the online booking system in 2021 "@Heather - my partner's booking was sorted in 15mins and we found something very close to home. I think it's improving "@Heather I meant queue on your behalf then call you when you are about 5 people away @Heather - so you'd spend 1 instead of 5 hrs Yep @Heather - thunderstorms loading  @NN - stop it ğŸ¤£ğŸ˜‚ Ndi nithanda nonke apha ekhaya - enjoy your lunch Aai aai wena JACOB ZUMA wannabe "Afternoon everyone "@melds "@Heather This Koko-Tsotsi perfect love affair is messy  @Walter - I can't wait to hear Romeo's story waitsi @Danile - DCJ mentioned something to that effect a few days ago Heya @Antoinette  @Walter - SAICA ? @CoolerCat - can buffalo fix the country first then go have tea "@DanileğŸ˜‚ğŸ¤£ - please leave Mokonyane's ""pretty young thing"" out of this @CoolerCat - they have a perfect love affair (have bean soup to spill on each other) like Koko & Tsotsi  Oh ok @Walter - BEST wishes .. I might need your services IF I stumble across a suitcase of loot when I finally go back to work from the office in MA News24 says Silili is being roasted by editors ğŸ¤·ğŸ½â€â™€ï¸ Hi @Martin and your wicked humourğŸ¤£ğŸ˜‚ @brutos17 don't be that person ğŸ¤£ğŸ˜‚ "Maybe that's why news24 sent update that he is being grilled by SA Editors Stay safe and have a restful weekend everyone. Am meeting a friend @15:30 - he's being entrenched and not taking it well ... rentrenched* "@Tendani
Anne M.,I don't think so @khuthadzo moji . I think there are still a couple of witnesses for SAA. Ha ha ha @Heather Durr I agree with the personality of Weaver in Alien similarity. @Jabu Malinga Pretoria High Court has approved the commission's extension until June because of Covid lockdown last year. @Lerato Moleke Who is the judge? Agree @Martha Sello  "I'm sorry Can the NPA appeal the decision? @Walter Moloto  Thanks @Walter Moloto . I hope they do. Great one @FieliesSA ğŸ˜‚ It used to be called Kings House @Diane Louw and is now used for visiting heads of state or for the president a place to stay when he's in Durban. Suzanne Daniels
Arthur Kona,DCJ must make recommendations about what punishment for those who are found guilty for deliriction of duty. Problem is that there is no consequence management for inaction or unlawful action
Kelly Mpande,Morning gud ppl
Previous Nkopodi,Morning everyone Stix mkanami @Lerato Moleke 'Mommy The fall of ANC will be the greatest @Jabu Malinga and it's quite expensive to remove those useless adverts "I didn't see you "Anyway @charlie zamile Lol "@Jabu Malinga Lol @charlie zamile take it easy my man "@Jabu Malinga It's all because it's a government Project Give him water "I want to be his junior as well "Lol @Akhonamandla Gala Hwzt man Who is this Jacob G Z "Lol Thanks Lira I have not idea @Lerato Moleke  no* prophesies  Lol @Martha Sello  @Lerato Moleke Today they are not Pro-Active :elbowcough: "Guys please @Walter Stevens Agree @Lerato Moleke bye dear. Today it's 12 O'clock @Valencia J bye bye "Enjoy your day everyone
Stix Mtolo,Greetings to all "@Previous Nkopodi Western Cp High Court finds Bongo not guilty of corruption : CH 405 "@Heather Durr "@Lerato Moleke "@Valencia J "@Antoinette Meyer "@Pastor JJ How many minutes left of the 40 for EL? "@Blake Yogi "@Lerato Moleke "@Blake Yogi "@Antoinette Meyer "@Heather Durr "@Heather Durr "@Valencia J "Wow
Victor,He hasnt been sworn in mr Tsotsi is not a tsotsi as I had suspected kkkkk @Jabu Malinga kkkkk I think he is not as tsotsi as his name when someone accepts to come as often as possible I think he will not be having anything to hide I respect mr Tsotsi mr Tsotsi is transparent everyone has different views of me Tsotsi I personally have a positive view of him @Mangalani Mangalani Kid gloves are only taken off in a court I guess its differences in personalities..Naturally he wants to be thorough These attorneys play with time... They always ask for little time yet they want more  @Danile Ngubenyathi re-examining helps the client's position to come out clearer in case some key points were missed out by the Evidence leader @Danile Ngubenyathi Correct... He will ask his questions carefully to help his client. in this case mr Tsotsi Ok I like mr Tsotsi
Pardon Tshepo,Gud morning i am happy to see my best Mr Seleka Lol plz leave my best Mr seleka
Jabu Malinga,Seleka... the 1 who sent Anoj Singh a summons which was not legal or binding "all d crooks should be in jail Tsotsi ... his name says it all why are youtube ads much louder than the videos we waiting to watch ?? He is a Tsotsi..wait n see "Ya "Alex "ENCA say their journalist was not being racist.. well "Alex "I wont be surprised if in 2 years we find out that the ANC received kickbacks from Moderna "Rubin "werr ba berrr.. as long a Ramaphosa n other politicians got their vaccine how was Brian Molefe allowed to com and talk nonsense for 2 days without any proof..made wild allegations and left.. nothing concrete came from molefe aka pension money crook.. JnJ vaccine costs 10 dollars each.. thats about R160 .. if anc gets 1 dollar kickback on each vaccine..x say 1 million vaccines..= R16 000 000 kickback "commision runs until march i think "surely by now "Previous and 1 wonders how com they put up those etoll gantrees soo fast "Previous  tsotsi was ter through all the wrong doings.. i rest my case Haiba Zuma.. tell us how u satisfy your 10 wives n 14 girlfriends "lets be honest now "this is social media baba..if any1 is offended they free to block "Sidney Zuma wont ever see the inside of a jail cell.. he will probably be given a suspended sentence if anytin.. "Jacob "Jacob Imagine a grounded airline still needed 3.5 billion ??? for wat.. liquidate that corrupt thing  "Jacob also "No Baba and som ppl said Tsotsi was not a crook..lol "Ndumie "Ndumie shoprite n boxer r not stealing..they runin business..tenderprenuers r stealing on mass "Ndumie did som1 put somtin in chairs water
ma baker,GM
Maboko S,Greetings everyone @Lerato Moleke ğŸ¤£ğŸ¤£he doesn't want to upset people on a Friday ğŸ˜œ He's playing it cool Tsotsi is always here "I see so many gentlemen here a crush on Kate
MUSA HLUNGWANI,Is Salem Essa ever gonna testify? Is he in the country or he also ran away? Gavin youâ€™ll only see Kate during SAA matters  Haikhona DCJ ur voice is too low
hirsitus,@Lerato Moleke ğŸ˜‚ Adv Sloooow Poison  Red tie Poor Tsotsi @Lerato Moleke ğŸ¤£ğŸ¤£ @Heather Durr ğŸ¤£ğŸ¤£ğŸ¤£ The Tweeting Engineer Hi Diane
Inno inno,Ao Lerato!!ğŸ˜‚ğŸ˜‚ğŸ˜‚ğŸ˜‚
Rubin Naidoo,"@Lerato  Anyone knows when Anoj Singh will appear before DCJ? "@Walter  "@ Jabu  "@ Lee  "How can cadres whom we worshiped  "@Sidney and Moonchild  "@ Moonchild and Sydney "@Akhonamandla  "@Jabu 
Bongani Nkabinde,@lerato Moleke mara keng ka wena ğŸ˜‚ğŸ˜‚ğŸ˜‚
Gavin Kroutz,Where`s Kate Hofmeyer? Thanks Musa. Tsotsi looks extremely nervous.
Aidan Sanders,Hello Jacob 
Gracia Lebepe,Am glad to finally join the family "@Moonchild  PLEASE UPDATE PLEASE UPDATE.  SINGING GROUP.????
Lee D. Hendrix,"...All foreigners and non compliances must comply with the Constitution and revocation of citizenship  .Pure corruption...... "...When one sleeps with the enemy "...Every SAfrican should be in the streets "..Tsotsi will allow people to "" believe"" whatever they want to. No one will dare challenge him in Court. The beans may be spilled of the intensity of corruption in SAfrica....." ...A Lie by any name is still the pig with lipstick........ "...Essa may have replaced Cesare Borgia as Christ "...The ANC is not receiving Liable Lawsuits from the Public  ...Cyril must attempt to save the ANC.....
Joyful Technologies,hi Is miss Daniels going to look for the Guptas overseas? Can somebody help. What is she going to do there? "Yes Jabu "Jabu
kevindbn007,sound? lol that was a dig catch him Zondo show us ur email you cant remember cos u spent all the money
Walter Moloto,@Gavin there is about 9 streams in this commission no every stream has its own Evidence Leader so Kate is on SAA stream which is left with about two witnesses to wrap up @Rubin all big guns are coming next week on a full week on Eskom stream @Jabu Molefe is coming next week to finish his testimony @Lerato his lawyers have used section 174 after the state have closed the case then immediately his lawyers applied for that section to dismiss the case @Anne M the NPA yes can appeal by using section 310 of CPA @lerato I wonder who paid Melusi to go to Cape Town as he says he doesn't have money to pay for lawyers to prepare him to come to this Commission Adv Seleka has now trapped Tsotsi @Christy it looks so @Melds the one who was sentenced for 20 years was at Regional Magistrate Court which its own maximum sentence and the one for 30 years was at High Court which have more powers "@Melds the NPA and The Magistrate have make a blunder @Lerato board room politics on the washing line for every body to ğŸ‘€ "@Lerato that will be interesting most of them are coming next week @charlie Daniels is the next to come @Lerato I took an unpaid leave for a year from my work as i need to be an advocate by writing exams not the one from NPA as that one is a certificate given to you by High Court to be called an Advocat To all of you on this chat enjoy the commission will interact again after two weeks
alowis musodza,Sound  Which group chair? 
sidney nsibande,"Hi everyone "Kate is clear "The government say they will vaccinate 1.1 million people by end of march "@ Rubin Naidoo "@ Rubin Naidoo "@ Moonchild "@J G Zuma "The name Tsotsi means """"skelem"" ""criminal"" ''crook'' What do you expect" @ Cyril - you welcome @ Previous - His parent must be commended they saw him come that he was going to be a Tsotsi Or maybe his parent must be blamed for cursing him with that name "@ Jabu Malinga @ Jabu - unfortunately I can't see you That is why Kate must come to the commission often she is hardly interrupted by JC Z "African National Corruption organization
Singi Mathebula,Mr Tsoootsi vs slow poison advocate Seleka That is Hlope for you@Lerato Moleke
Terance Nzuza,Tsotsi is back......... Pagination problems...... Tsotsi van Zola Singers? Trompies in the House/////
Dumisani Bkl,and He is always here
Peet Venter,would love to have Kate question Zuma. Tsotsi is hiding something. "@Annie Sutherland One can also describe ""selfishness "" as a survival mechanism."
Lalitha C,Tsotsi looks very nervous As long as the ANC is in power nothing will change Where's Mr. Seleka ğŸ¤”
Tommygun,@Jabu Malinga To grab your attention... They not really allowed to so the put audio thru Compressors to boost all volume to max permissable. "Suspect he didnt even look at the spelling i imagine everyone suggested for the board was an imbecile or on the Gupta pay list. just back....Zola seems to be talking a lot more than last time....
charlie zamile,this Tsotsi looks so arrogant  "l'm so sorry sir "@ Previous Nkopodi @ Previous Nkopodi! l'll certanly do that matey sorry about tha "@ Gasela Zwezwe anybody know whose gonna be the next witness? "@melds melds "@melds melds  "@melds melds  "@melds melds  "@melds melds  "@Antoinette Meyer 
Caroline Hawanga,"I hope Brian Van Wyk and Lynne Brown will come to answer some questions soon ğŸ¤£ğŸ˜‚ğŸ¤£ @Lerato Moleke 
Mzuyanda Mfuku,@charlie zamile how does someone look arrogant? @charlie zamile so according to you he is showing an offensive attitude of superiority towards others?  @JACOB G ZUMA which year did you move to Lusaka and what did you do there? LOL I hear you Bafo "@sidney nsibande that ""we"" is a generalisation I see what you did there @FieliesSA 
TheQueen V,eish always hickups with seleka @Previous you see what you want to seeğŸ‘€ğŸ‘€ğŸ‘€ @Teunis hello my eieğŸ˜˜ chsir is always rushing mr selekağŸ˜ hey @Jacob go play with nkosazana "@Jacob its fine @Alexia?? "almost all of us have been following from the start or regularly apart from the R350 beneficiaries or turn off the chat but your to nosey now you complain about others talking to much "@Alexia send him an email and ask him. Its Deputy Chief Justice alexia is a 1..2..3 candidate @Alexia verwoerd of van riebeeck @yoliswa ğŸ˜‚ğŸ˜‚ğŸ˜‚ğŸ˜‚ ill let you believe thats true shemğŸ¤” "@Yoliswa dont act as if you know others situations @Alexia phone zondo and ask him @yoliswa you have been bittered here for a while. You dont wana see our chats and opinions and you also dont wana mute the chat.... ke busy mos @Jakob ğŸ˜‚ğŸ˜‚ğŸ˜‚ğŸ˜‚how can you talk like this about your tea partner ğŸ˜œ @Yoliswa ğŸ˜‚ğŸ˜‚ğŸ˜‚stop being bitter. Go look for another punching bag "@Stix whos entertaing ask chair is not satisfied with selekas work "@Pastor i notice it more with certain ""evidence"" leaders" "when seleka is here then chair almost runs the whole show "maybe seleka is just a soft guy @Roza hello swty i suppose being a lawyer or advocate or EL you must have thick skin otherwise you will cry alone at home everydayğŸ˜­ğŸ˜­ @Roza or maybe you are shoutingğŸ˜‚ğŸ˜‚ğŸ˜‚ viza vee ğŸ˜‚ğŸ˜‚ğŸ˜‚ @Rudi hey ğŸ™‚ "@Pastor are you fighting "@Pastor thought soğŸ˜‚ğŸ˜‚ "@Pastor great @Stix kinda.. but thanx for asking
Nolitha July,looks scared
Rene Ngwenya,Great respect to Adv Seleka!! Sometimes our esteemed DCJ interrupts him out of habit. "@ Rudi Haywood "@ Rudi Haywood "@ Pastor JJ Is this report saga still not solved?
FieliesSA,Hey all! "@Jabu Malinga IF he goes to ""jail"" "I dont know about you people "@John Everitt Apparently also SAA business rescue should have lasted a few months "I feel this is quite damning... If I were Tsotsi @Pastor J.J Lol @Pastor J.J I think you want someone from North Korea... Hi! @Diane Louw 
Cebo Jafta,Slyza Tsotsi dodgy character indeed
Limank,SO this is Mr Tsotsi which Miss Fat Cake spoke about... so he actually exist 
nomangola,oh that is an unfortunate last name for this inquiry
Ryan Ezzeddine,p
wim louw,Chameleon
Mr L,"The commission must proceed If government fails to fund the commission UPCOMING LIVE | President Cyril Ramaphosa has a question-and-answer session with the South African National Editors' Forum. Live on #SABCNews at 14.30. @Yoliswa Mbebe so true
sabri slamdien,lol comedy central ppl i think theres small aliens operating them in their heads like in men in blackğŸ¤£ğŸ˜‚ğŸ¤£
Lorna Kavanagh,John Everitt... as i understand Tito said no more money for SAA. The mother of all storms has hit ! After 5 1/2 hours we are still on the same point with no clear answer ....
Thabo Daniel,so the RET fools are singing outside
Santa Kriel,morning everybody & advocate Seleka @Alexia why worry about DCJ's (this zondo guy) pay. he studied hard under difficult circumstances. his family home got ramsacked by the previous regime. he is honest & doesnt stand for corruption @Alexia at leat you have some' to eat. lucky you
M S K,are those people singing for free kfc today? TSOTSI =THIEF WITH HIS BIG EYES IT DEFINITELY MAKES HIM LOOK LIKE A CROOK ANY ONE FOR TEA AT NKANDLA EISH IF I PLAY WITH HER SHE WILL BAN ALCOHOL AND CIGARETTES AGAIN ğŸ˜‚ AFTER ZONDO HAVE TEA WITH ME:elbowcough: SAME ONE FROM NKANDLA SORRY I'M NOT GOAT I'M NKOMO EISH I'M NOT READY I DON'T KNOW HOW TO HIDE ALL THE LIES I SPEAK ğŸ˜” EISH DON'T WORRY ABOUT LUSAKA BAFO I NEED TO WORRY ABOUT ALL MY CASES AGAINST ME I'M TELLING GUPTAS TO LAND A PLANE âœˆ AT NKANDLA SO I CAN MAKE THE GREAT ESCAPE ğŸ˜‚ THE FIRST TATTOO I WANT IS A CAT ON MY FOREHEAD JABU FOR MANY MORE TIPS PLEASE COME TO NKANDLA WE CAN DISCUSS OVER TEA N MAGWENIAS JABU U SEEM TO BE ONE OF MY BEST SUPPORTERS TRUE JABU I WIL PULL A SHABIR SHAIK AND SIT IN THE THE FIRE POOL TRUE JABU ONE OF MY WIFE KISSED ME WHEN I WAS A FROG ğŸ¸ THEN I BECAME MR ZUMA ANC IS NOT A THIEF PARTY I STOLE WITH MY FRIENDS AND FAMILY ğŸ‘ª "THIS GUY IS A THIEF THATS WHY HIS MOMMY NAMED HIM ANDILE ZOLA TSOTSI THATS WHY I MADE FRIENDS WITH HIM WHEN I WAS PRESIDENT IT WAS COMPULSORY TO STEAL FROM THE STATE AS THE WHITES LEFT LOTS OF MONEY FOR ME AND MY FAMILY AND FRIENDS NDUMIE DONT BE DUMB YOUR BROTHERS AND SISTERS STEAL AND ROB THEM ANY FOR TEA AT NKANDLA? I'M A HUMAN SMART OR INTELLIGENT "YOLISWA DID YOU GO TO THE CCMA AFTER PROTESTING VIVA ZUMA VIVA AUSWELL NEVER DONATE TO ANC BUT TO ME AND MY FRIENDS POCKETS ğŸ˜‚ğŸ¤£ "EISH I HAVE TO STYX WHEN THE ANC WOMAN LEAGUE VISIT FOR TEA I WILL ALSO BE CHOOSING A NEW BRIDE EISH YOLISWA PLEASE GO JOIN EFF BECAUSE THEY TALK JUST LIKE YOU ANYONE DOES MATHS TUTORING NEAR NKANDLA
David Maake,its dissapointing when old people steel under corruption
Akhonamandla Gala,"No one can dear touch Advovo Seleka when and if Lerato and Valencia are around not even Zondo that guy Bongo looks dubious nje umjongile @JACOB G ZUMA when are you coming to the commission Baba? @Lerato Moleke ğŸ˜‚ @JACOB G ZUMA Baba are you ready for the arms deal trial in May? @JACOB G ZUMA ğŸ˜…i thought as much @Rubin Naidoo i think 17 May @Previous Nkopodi ğŸ‘Š lol Tsotsi is in trouble here
Martha Sello,@Lerato ufortunately those who are accusing CR17 of paying judges will see nothing wrong with Bongo's behaviour I really feel sorry for Adv Ntuthuzelu Vanara! @Lerato hopefully Adv Vanara will have energy to appeal Hlophe's ruling time for 1 2 3 @Lalitha especially when he start to smile
Puseletso Loape,@Lerato MolekeğŸ˜…ğŸ˜…ğŸ¤£ğŸ¤£ğŸ¤£gel neh
Chef Cee Gee,"IN days gone by ' Tsotsi ' was a gangster  Thank you Sidney for clarifying   Wished Gerrie Nel was on the team  "Shalom my bro Pastor . Just finished my first sing "" DONDER ""em Zondo""ğŸ˜‚" "For sure my bro  Is son do playing with tootsies mind ? Psychology?  Is ' SHE'' Mrs Brown ?  Thanks Antoinette ! When ja she going to be arrested? Long overdue 
Diana Sekatane,You we just a funnel.
S'phe Mathonsi,"they are used to FYI's adv Seleka is smiling
Yonds Athini,@Jacob G Zuma Uza nini ukuzophendula izityholo obekwa zona tata?
Rory Lee Farnham,This man appears too composed. "Mr Tsotsi Dudu has buried herself. It is a matter of time before she becomes a fugitive like the Guptas.
Palisa94,q
Manelo Manelo2,morning
Walter Stevens,I wonder if technology could be used to indicate to everyone what page of the documentation the evidence leader is currently using? It would save a lot of time
Immanuel,How does one trust someone who is called Tsotsi?ğŸ‘‹ ehhh DuduğŸ˜³
Mfundo,Zola just lied under oath  "@Lerato Moleke you know things moss ayi "Lerato Moleke
Christy,This oke just lied under oath Adv Seleka is smiling more as if he's got an UNO trap card waiting to be played by him This oke is the living testimony of his surname "Tsotsi smartwatch is most going crazy telling him ""Rest mfethu This lawyer lowkey looks like Dave Chappelle.
Jan Kruger,"Zondo much keep quiet
C S,Zola Tsotsi has some tsotsi tendencies 
driesp,Totsi tendencies indeed ANC is a criminal organisation stealing from the poor
Leftah Lefophane,h thieves
Marty2465 P,SA has just entered the 4th industrial revolution with stage 4 loadshedding !
Louis C,Is Brown's girlfriend covered by her medical aid? @Ndumie Ndlovu Stop whining and earn your living "@Ndumie Ndlovu You're black' I'm white @zip reeper I'm siyaya samsung run on cowdung @Julie Petersen He says drugs and alcohol will ease the pain @yoliswa mbebe even the whities that are less fortunate than you? @yoliswa mbebe and only whites behave badly?
Julie Petersen,"lies That smile - Adv Seleka @Ndumie. It goes both ways. No opportunities for me either! @Louis Hahaha lol @Canis sadly I have a downs syndrome physically disabled child. he will never be able to work. @Canis correct and agree whole heartedly ğŸ™„ğŸ™„ğŸ™„
tumelo manala,:oops::oops:
dee dee cocroft,in the 60s ew would refere to a skelm as a tsotsi some people in government don't want to understand the importance of theft . hehehehe hi uncle jacob. you enjoying yourself I hope . and listening to all you tsotsi brothers and sister . hope to see you soon . in orange of course . from one tsotsi to another hehehe ne a cat fight . calm down people. Zondo the gladiator for President. awe
Gugulethu Xhosans,'Tshwayita'ğŸ˜‹ğŸ˜‹ğŸ˜‹ Chwayita Mr Chairperson @Ndumie Ndlovu khawusimele wena ne ANC yakho
Mumbi banda,When you here the name essa just know that dubious and corrupt activities went down @Ndumie Ndlovu DA get donations. ANC give over inflated public contracts in exchange for money/kickbacks
Themba Rajuili,Hello... so...what did...Zuma do... hahahahahahahahahaha okay...ke batla evidence tea anyone...?Nkandla maybe...use a chopper
xx xx,Antoinette back- I read you hHeather. IS uncle Ray being interfereing again today? WHY is uncle Ray forever suggest/allow a way out to the respondents? blocked @ Theunis. Thank you "Diane TY Diane Hallo Heather I just saw the change in leaf colour heyy meldsx2 Gi Diane Walter there will be recirded information "Yes it just started here Hey LErato WHAT is it with this old uncle...he is WASTING so much timmmmmmneee and the one speaks slower than the other "Judge Judy "Daniels "meldsx2 ". I have this illness Hallo Teunis rosie rosie Teunis lollI could not find the rose emote OH brotherrrrr Theunis... Greeting DEAR PAstor "oh my giggles MArtin MMM Stix....ğŸ˜ pendantic....ğŸ˜‚ pedantic is an insulting word......... ğŸ™ƒjust saying Interpretation of fact finding why is suzanne damiels coming back to testify? no sanctions when they return for second intervention sounds like Hamlet's soliloquy "Dan NO Pastor you are not Yes or NO its not difficult THIS is what consumes the time SKills???? They actually search skills? mmmWhich ?skills ok answer is no carry on "I am sending uncle Ray espresso coffee â™¥ Uncle Rayyyyyy.....take notesss "lollllll Dan 30 seconds oeeeee nice suite Dan I am sure it is more ohhhhhhhhhhh "smilessss "lollll Ismael "No Are we expecting other souls to roll into the building? Oh my yesssssss Cyril No Chaise "Danile Carefull for lending your ears all ovcer Love Whackhead "HEather * wonders about Franschoek fire now* Indeed Until Stellenbosch says koebaai 10 minutes long gone your voice was pretty closed as well I wonder where Uncle Ray geta an ORANGE click-ofa-bic pen? semantics.... ğŸ™„ğŸ™„ğŸ™„ Oh Naledii that was hillarious Yes Naledi. Sattire usually is! "oh my soune=sounds ğŸ¤•Ndumi This is all hearsay?? Lynn brown ğŸ’› ğŸ’œ OHHHH wena... ğŸ’£ ğŸ‘ğŸ‘ ğŸ‘ƒ ğŸ‘„ ğŸ´â€â˜  is what I think...Pirats playing in our court room I need âš• now.. NOOOOOOOOOOOOOOOOOOOOOOOOO â¤´ ğŸ”ƒ â†© â†– â†” ğŸ› ğŸ”­ ğŸš¿ ğŸ”§ someone threw a spanner in the works "ğŸ”— see Stix always links in what pple know ğŸ— "Not yeah ğŸ’°ğŸ’°ğŸ’°ğŸ’°ğŸ’°ğŸ’°ğŸ’°ğŸ’°ğŸ’°ğŸ’° ...and THAT my friends makes the world turn round noooooo "We need  "ğŸ™„ğŸ™„ğŸ™„ğŸ™„ğŸ™„ğŸ™„ohhhhhhhhhhhhhhhhhhhh Ndlovu ğŸ¤¢ ğŸ’€ ğŸ§‘â€ğŸ„ In ten months it is Christmas ğŸ§â€â™€ Who is here next week Haether? ğŸ’»ğŸ–¥ğŸ–¥ğŸ–¥ğŸ–¥ ğŸ“½ OHHHHHHHHHHHHHHHHHHHHHHHHH? Yes?? Evening? Who? ğŸ”ğŸ” ğŸ¬ break break I shall make myself available Heather
Bartholomeus Kahongo,I adore you Lerato Moleke
Thatâ€™sSoRaashid,@Themba Rajuili Count me in. 
N N,tea break ğŸ˜Œ no wonder why they keep asking for extensions way too many breaks 2.2k ppl listening and minding they business ğŸ¤«ğŸ¤«ğŸ¤«ğŸ¤« hey 2.2k I know you seeing me twerk my mouth ğŸ¤ªğŸ˜œğŸ˜› hi ğŸ‘‹ list of what guys? @Moonchild thank you very much. "@Lerato Moleke ğŸ¤­ğŸ¤­ğŸ¤­ ""TGIF""" @Moonchild I agree without this commission we don't know the scale and some names we never thought can be thief's. @Gasela Zwezwe you're also right. a billion spent and still not a soul doing time in 2yrs is fruitless yes waste of money too @Gasela Zwezwe facts but whose fault is it? the commission has evidence and witnesses but doesn't have the power to arrest ppl. "@Moonchild sometimes DCJ can be disruptive sometimes @Moonchild and takes his time isn't it ? like all bosses do ğŸ˜‚ğŸ˜‚ğŸ˜‚ğŸ˜‚ okays ğŸ˜‚ğŸ˜‚ğŸ˜‚ please JESOSğŸ˜¡ğŸ˜¡ğŸ˜¡ "wrong pages @bonke 247 Facts! @Ndumie Ndlovu are you from Newcastle? @Ndumie Ndlovu I know someone with those names personally @Ndumie Ndlovu cool I'm trying to read the room sooo confusing @bonke 247 there's no way you going to lose this one mu money is on you fam 2-0 up easy 99%??? ğŸ¤”ğŸ¤”ğŸ¤”ğŸ¤”ğŸ™„smh ğŸ¤¦ @bonke 247 it's over. I always bet on the right horse you've won @Lerato Moleke I've stopped now ğŸ¤­ğŸ¤­ğŸ˜‚ğŸ˜‚
Annie Sutherland,Nobody teaches anybody selfishness it is in one 
Obakeng Pillar,history in the making 
Jacqui Baumgardt,"Hi @melds melds -it's called entitlement @Pastor J.J - Hlope is a disgrace to the legal profession
Jaco Botha,Ndumie.Doesnt matter what colour you are.If you get involved in criminal activities you must face justice.Al your notes here is a question and then what white people have done . People in important potitions must look after there jobs just as we do.If you do something at your work i am sure you will be held responsible
Gasela Zwezwe,"This is taking too long "@Moonchild I get your point @N N exactly my point ... we are loosing money here 
yoliswa mbebe,"Jaco Botha "Jacob G Zuma "Ndumie "it said the ANC has collapsed the country/ economy "Eskom here "criticizing dept of education Ndumie why would bonke have been angered? Helen Zille publicly insulted blacks from Eastern cape to the Western Cape while the same people run around wearing her t-shirts "it is wise to talk less and listen more "beside Valencia "I don't care what you believe in. I only care about those less fortunate than myself "I never said I do "Louis C Valencia you it is bad slamming at people getting R350. accusing people of not following this commission only to come in to defend their sweet doesn't make I lit. It shows ur used to undermine others
Naledi Barron,Hey Hey @Heather Durr You well today my dear? @Teunis van Ree Heya darling friend! @Lerato Moleke Heya sweetpea! You ok? LOL @Heather Durr I love it when our DCJ gets stroppy!!! Hey Hey @Diane Louw GTSY! @Pastor J.J and @Blake Yogi Helloo my dears! @Pastor J.J I am SO glad you're back on line! I miss you when you're not here!! @Blake Yogi I'm all the better for chatting to you !! x And @Blake Yogi How are YOU?? @Pastor J.J Yes I can imagine the emotional and spiritual stress. Never mind the psychological toll! @Pastor J.J No point in looking forward. Just keep your eyes and mind focused on your feet ..... one step at a time neh? xx @Pastor J.J Bwahahahaha! Trevor Noah did a sketch about uBaba trying to hadle the numbers..... @Pastor J.J Sad and hilarious at the same time wasn't it @Antoinette Meyer  @Pastor J.J Who is giving you a hard time??? Point me in their direction and I shall go and sort!!
Quinton van Eeden,salaam infidels ğŸ™‚ @Lerato Moleke ğŸŒ¹
Diane Louw,hello hi naledi watching media briefing for farm murders protest 26/02/2021 re covid watch it they talking about war crime etc its now on look on youtube under Joe Emilio  see above omw wow antoinette are you hearing it @Antoinette Meyer they went to concourt yes heather so DCJ is taking over from the EL.....Advo Seleka if i was you i would sit down lorna sent it down to cape town plse we have heat and need rain to kill the huge fire here plse presidency in Durban?? Anne M trying to figure out why the eskom board was using it was then if so then president would of been there i just ignore hi melds pastor jj missed you this morning for sure melds lol lerato  hope all worked out well pastor jj petrol up by 66c on wednesday bongani bonga case dismissed ah heather give him a cuddle heat is hot here tomorrow 33 and sunday 37 cape town melds hi teunis oooo koko must be tweeting now melds i didnt want to mention the extra rose lol dcj seleka nows what he is saying weejy hi walter lol pastor was just thinking of that lol wb lerat lerato hi fieliesSA oh gosh pastor jj i thought it was zumbak that i had to rub  funny to mention that hey melds leaves on the vineyards are already changing colours exactly Heather hi hirsitus lucky girl you hi antoinette ğŸ˜ƒ is a nice sight to see hey Antoinette ai dudu again dcj remember seleka only said 40 mins left for this witness lets see if her hair colour has changed well done Seleka im like that too Antoinette hats off to you and your wife teinus.... and now he is smiling report is more important than a general document wind picking up again here the person sitting next to him also has ants in the pants "report is based on a set of documents lol ismail its a saying and we still going on....... yes dan no records
Mangalani Mangalani,@Hearher Durr Whereâ€™s the post from OUTA? @Heather Durr Thanks Zondo is off the mark This is pedantic  Reports vs documents. Really? If â€œover scrupulousâ€ yes But i am referring to his concern to â€œminor detailsâ€ Documents presented to president are reports Zondo is the reason why this commission is behind schedule  "He talks slowly @Victor I watched TRC & PIC and others. The chairmen were very firm and straight to the point.
styx ndlovo,@JACOB G ZUMA Why you chow everthing @zip reeper The word is VROT!! Enjoy your drugs and alcohol chief@Ndumie Ndlovu  yoh. DCJ will need the weekend to rest his vocals
Val Speirs,Priorities education and birth control. A culture of corruption and teenage pregnancies is deplorable. How come no one wants to address the Real issues? teenage pregnancies and child grants are an issue in this country. Corruption is the first. The Gupta's just a family of Conartists. Minister Brown
AndrÃ© du Plessis,aliens interrupting the transmission it's pure evil Yoliswa I agree bonke
Sam Monkoe,@bonke 247 I feel the same we feel like you are missing the point of why we are angry. @Ndumie Ndlovu On that point i agree 
Simphiwe Njamela,@ NN they're deliberately going slow knowing very well it means more money for them
vishnu sunkari,hi julie julie
Nicolas Cocolas,ANC Voters must be feeling really very happy with their life choices ....
Alexia,Who has been watching since the beginning? Why on Earth are they carrying on?  This is interesting Valencia J Mr Bonke what is RET? "No Mr Bonke I have not understood "This Mr Zondo is getting a ton of money for being ""chair""? " This was should have been wraped up a while ago "Andre Mt Tsotsi  Jabu Tsotsi  Send who an email? yoliswa BoniXela Lunch Tea and dinner  Valencia J I thought this was supposed to end LAST YEAR?? "Yoliswa "I think it is wrong to just randomly attack Yoliswa Santa I have WHAT TO EAT? You being stupid telling me what I have to eat. 
mopeli moshoeshoe,"@ Nicholas; anc supporters are not even following this investigations
Canis Africanis,@Julie Peterson Is that why your children are exiled and working in foreign countries? @Julie Petersen Still a person that deserves dignity and compassion. "The ANC is infiltrated by corrupt individuals that have only one thing to offer
Robbie Knezovich,How can one ascertain when this witness is blatantly lying................ His lips move
Melusi Shange,Guys I have heard enough about the Durban meeting and Dudu Myeni instructing the Board Chairman to suspend. JZ was silent and Dudu was leading the discussion  I heard enough about the suspension of the Executive Nick telling the board  We hearing the same things nothing constructive la.  "Jabu Maswanganyi was there now at Durban meeting ? I thought in Durban it was Nick "Alexie 
AndrÃ© van Rensburg,Alexia why the question about money? "I whole heartly agree
Cijimpi Mpimpi,si phaka impi eNkandla vivani bo klova
Pastor J.J,@Alexia Those are 2 of my favourites. Pig head and marrow bones too. Yoh. This is a dirty fight. Round no4. Calm down ladies @Ndumie Ndlovu Bosassa was a white company bribing the ANC big time. Can we now let the commission continue? with your permission ofcourse @melds melds Greetings my Darling @melds melds I thought my comment dealt with that...hahahahahaha @melds melds It is a never ending story with that one.  @Shirley Tilley I am so used to some of the nonsense that gets posted that I have become somewhat immune otherwise it is like a sore tooth. Very irritating...hahahahaha @melds melds I was busy and missed that one. What was the outcome? @Diane Louw Darling Diane. I was mostly on a concall. You are also missed Diane @Heather Durr Greetings my Dearest Heather. Hopefully the ovaries are behaving today. @Diane Louw Nothing unexpected. A crook himself was presiding and Bongo is a senior member of the Zuma camp anyway @melds melds GBV is all Govt talk and is not being taken seriously. As a nation we should be ashamed. @greetings my Brother Prof @í˜¸êµ¬ë§‰ì¥ I sent you the GPS coordinates for that Nkandla place. Did you programme it into that nuke yet? @í˜¸êµ¬ë§‰ì¥..and we dont have any corona here. ANC said rub vicks on the chest and we all ok. Howz things your side Bra? @FieliesSA Its the closest I could get to the North. Still worth trying...hahahahahaha @Anne M. Blessed greetings Dearest Anne @Antoinette Meyer Greetings Dear Antoinette @Jacqui Baumgardt Greetings Dear Jacqui @Stix Mtolo Hola Bra "@Teunis van Ree Sadly it seems that when ""certain witnesses"" give evidence we tend to see a different side to the DCJ. Am I the only one noticing this?" @Roza E Greetings Dearest Roza @Valencia J That too. Some seem to command more respect than others it seems. @Valencia J Very true @Rudi Haywood Greetings Rudi @Cyril GrÃ¶nemeyer Greetings Brother @Cyril GrÃ¶nemeyer Book me a CD bro. Got to be better than Wackheads @Rene Ngwenya Greetings Dear Rene @Naledi Barron Greetings my Dearest Naledi. "@Naledi Barron I have been ""on call"" recently with all the Covid outcomes. Its trying times Naledi." @Ndumie Ndlovu With comments like the last one I now start to understand why people dont take you seriously. Come on Bra @Naledi Barron Unimaginable at times. But we need to keep moving forward. @Rene Ngwenya I swear those numbers challenged me and I can imagine the difficulty for uBaba @Ndumie Ndlovu I do Bro @Ndumie Ndlovu The same Hlophe that tried to capture the Concourt Judges? @Naledi Barron I saw that @Ndumie Ndlovu I always give you the benefit of doubt bro but sometimes your comments are just too farfetched @Ndumie Ndlovu Hlophe is currently known to be the most untrustworthy Judge. How do you see it differently. I challenge one person on the chat to agree with you. @Naledi Barron I am on top of it with my Doom in hand @Ndumie Ndlovu But Hlophe tried to corrupt the 2 Concourt Judges to favour Zuma. Dont you see that Bro? @Msizi Masikane His behaviour albeit bad is well documented in Affidavits from 17 Judges sitting under his Presidency. I rest my case @Ndumie Ndlovu Like you said. Lets agree to disagree. I am sure you have your reasons. @Msizi Masikane We can engage each other respectfully. I am sure of that. The Proof is with the JSC.  @Ndumie Ndlovu I am an old man now with certain limitations which seems to have reach the point where I must say I rest my case. Have a blessed afternoon Ndumie @Antoinette Meyer Old enough to know when to stop..hahahahaha @Valencia J I never fight Queenie. I engage. But kissing is a hobby I had as a young man. Dentures are not that attractive @Valencia J I am getting there @Roza E 4sure Darling @Valencia J Noooooooooooooo. That has to stay a while longer.hahahahaha. Never a villain in my eyes darling @Ndumie Ndlovu Hey wena. I said luv u and goodbye. @Roza E When are we doing that Braai?
melds melds,heya @Pastor J.J and @Shirley Tilley  @Pastor J.J you still entertaining the Zuma troll? He is relentless "I am sure he is being paid to come and try and distract everyone from listening to the evidence Judge Prince was very scathing in his judgement earlier today in the murder of Palesa Madiba..... never ending story no hehehehehe there is no more hope for him "heya @Lerato Moleke I missed this mornings hearing "Hi @Diane Louw I just 1 2 3 now "@Heather Durr no patience for time wasters lol @Lerato Moleke ok of course still knew of nothing untoward then "Of course it is "I saw @Diane Louw CRAZY to say the least "Today sentenced to 31 years for murder "WOW @Diane Louw where is ""here""?? By me the wind is having tons of fun @Pastor J.J I agree "I hear you but murder should have a mandatory sentence of Life Im also in CT @Diane Louw must be on the other side of it lol heya @Teunis van Ree oh 2 roses today.............baie dankie hahahaha "generous I hear you @Walter Moloto so now the murderers prefer to go to a Regional Magistrate court.......its crazy Koko and this one.......... lol @Pastor J.J  "a very big blunder "They were trying to set this one up as a scapegoat He is thinking very carefully "@Diane Louw ok heya @Antoinette Meyer  "lol @Cooler Cat hahahahaha Journalists are having so much fun at the moment I want to hear Daniels and if there is going to be any reference made to Koko's twit tweets surely this has been covered numerous times already "Chair is being a prosecutor @charlie zamile Ms Daniels hahahahahahha @Antoinette Meyer  Did Chair explain what happened last night at all about the Law Enforcement? @charlie zamile still in the usa Me neither @charlie zamile  WOW 52 years!!!! That is AMAZING @WC Zola Tsotsi - was eskom board chair and was removed lol @Heather Durr my sentiments @Jacqui Baumgardt with Koko goes beyond that "Plonker hahahahaha love that I doubt we will hear Daniels today Meeting of the 9th "OH MY WORD
åœ‹é˜²æ”¹é©,hello i am south korea ğŸ‡°ğŸ‡· I hope South Africa can overcome Corona.
Danile Ngubenyathi,@Lerato is he also coming? @Lerato tjoo that means Jimmy Tau might also come. cause his name was also mentioned long time ago @Lerato so Basetsa Khumalo o thotse something-nyana from our taxğŸ˜‚ğŸ˜‚ğŸ˜‚ğŸ˜‚ğŸ˜‚ğŸ˜‚ @Cyril I used to like him but since he joined the Afriwhatwhat uh uh. the problem is they sometimes fight for nonsense @Meyer maybe is my opinion hey inyabile le chap @Victor maybe u can help why is he re examining Tsitsi? @Victor so he's on Tsotsi'side? @Victor dankie bro this counselor walk with a speed of verkleurmannetjie ğŸ˜ª I wonder which watch are they using here at Zondo's. ten minutes is so long
Ismail Petersen,"Hi law-abiding citizens Lovely day here in cape town.Just had some nice snoek-breyani with lemon atchar & a glass of cold water. "Dianne "Diane Antoinette dont forget also to add salusa 45
Cooler Cat,"hi guys "@Lerato Moleke
MARTIN ENGELBRECHT,NIC AND DUDU.... koko roach hey guys Mr Tsotsi you are the weakest link....Goodbye SAA NEED ANOTHER 3.5 BILLION on top of the 16.5 billion in 2020 boom
Dan Brown,@Heather Durr - Hello There @Heather Durr - I Tend to Lurk a lot as I am working on many screens at once and only contribute when I am doing a Job boring like watching the paint dry. ğŸ˜Š This Guy is a smoothie at the commission total antithesis of what all the other witnesses describe him in meetings. DCJ is also too friendly with him. The EL is toothless too. Bring Kate back. Nick Lanelle is another smooth Spin Doctor as well IMHO. Even Mr Sony ğŸ“¼ğŸ˜‚ Yesterday had more gutzpah ! "He's a lovely guy but too Jovial with some witnesses IMHO It seems a lot of Eskom people communicated via ESP as they all have a different story. I bet a lot of Minutes of meetings were either not taken or disappeared. I Don't even know how DCJ follows all these independent threads.  "If Uncle Ray took Notes @Heather Durr - I concur. I think there is over a Million Pages of Evidence so far - Anyone know? "Of course Dudu Myeni was just 2000 pages of cut and paste "" I am not answering that question for fear of incriminating myself""" I wouldn't like to be standing on my feet for all those hours like these Legal Eagles do I believe the Lady that went and met the Scruffily Clad Gupta in his Tracksuit and sweaty shirt at the Michaelangelo "Semantics "Whackhead is funny but sounds like he is still in puberty Judge President Hlophe is a nasty piece of work.
WC,@melds melds thank you very much 
Tendani Pelaelo,"oh that's the ""famous"" Zola Tsotsi!" "Why can't ""ZT"" sit still? Is the chair biting him or his conscience?" Bye Lerato! Are you a counselor or psychologist or just helping a friend? @Lerato I love that. Blessings
brutos17,"20 people are watching Cyril""s speech ğŸ¤£ğŸ¤£ğŸ¤£"
Deon Meyer,report=findings come on do not play around Say yes or No lucky you Ismael Who runs the show? So there was a report that you are aware of.
Mandy Phillips,Tendani I was watching that wriggling chair....
amsibbs,Report is a final piece after summing up everything therefore there shouldnâ€™t be a debate about the difference in it and a document  The Chair snoozed for a bit there ğŸ˜›
Isaac Chioko,:videocall:
Blake Yogi,where is Stix? what lies are we giving our ears to today? ğŸ‘‚ğŸ‘‚ğŸ‘‚ Hey Stix. How are you doing? "I love the Eskom stream. I have a feeling though Stay @Lerato Show him where his job went to ğŸ™„ you werent at your best at being able to deal with yourself??ğŸ¤¯ğŸ¤¯ğŸ¤¯ğŸ¤¯ @Victor. that aint a guess. thay is a spot on observation I agree Valencia. @Valencia that is true. The thick skin must be there. A very long 10 minutes indeed "Hi Naledi
Jenny Whitewaves,I get the feeling that the legal team thinks ms Daniels is not coming as clean as she could The truth the part truth and the half truth  Pastor I whatsapped you
roza,pastor yes Pastor hello theunis hello please excuse my capital letters i tend to loose focus on my writing Valencia hello dear valencia eish i wish mr seleka is still our slow poison rudi hi is chair waking up now pastor are u done dear PastorğŸ™ slow poison is back read the transcripts boza bill gates dom whos coming in later Pastor very soon is ms daniels coming on now
Sizwe Zulu,pastor j.j you not the only one I see that too. chair is no consistent at all
Rudi Haywood,Hello folks "Hey @Antoinette Greetings and salutations kind sir @Pastor J.J ğŸ™ğŸ½ Seleka has a brilliant mind ğŸ§   I agree @Rene Ngwenya... I hope their leadership team is able to reflect that back to DCJ though on his leadership journey  "Old people and emails evidence trails You too cheers @Kevin W
Sifiso Lucky,"We shouldnt blame him guys
weeboi,pr
Chaise Hartman,Anyone know about the fire at franshoock
Mhango Lucky,Aiii "male and female
mkm 23,so we just forg so we just forgot about zuma ? you they are grilling him
timothy mvemve,the re examination seems to be taking forever
Msizi Masikane,@Pastor J.J ... what evidence do you have the warrants you to say that judge Hlophe is untrustworthy?..Hope you not basing it on the JSC case that has not concluded? for now its Hearsay  @Pastor J.J ...i will like to engage you proper when you have proof to back up all your statements...
Gray Lawrence,Thought he only needed 10 minutes.
Buti Sipho,ğŸ“¶